scenario,acquisition_rate_mean,acquisition_rate_ci_low,acquisition_rate_ci_high,mean_frustration_mean,mean_frustration_ci_low,mean_frustration_ci_high,churn_rate_mean,churn_rate_ci_low,churn_rate_ci_high
baseline_hard_pity,0.7008666666666666,0.693538842720143,0.7081944906131903,0.6568086644420396,0.6520768591493854,0.6615404697346937,0.989,0.9873307576015812,0.9906692423984188
improved_base_rate,0.7584,0.7515494956579156,0.7652505043420843,0.5973312536556036,0.592514196890054,0.6021483104211531,0.9754,0.9729209582094124,0.9778790417905877
soft_pity,0.7017333333333333,0.694411609690957,0.7090550569757096,0.6483425283549783,0.643625714469468,0.6530593422404886,0.986,0.9841196989260205,0.9878803010739795
carryover_pity,0.7008666666666666,0.693538842720143,0.7081944906131903,0.6568086644420396,0.6520768591493854,0.6615404697346937,0.989,0.9873307576015812,0.9906692423984188
token_exchange,0.7008666666666666,0.693538842720143,0.7081944906131903,0.6568086644420396,0.6520768591493854,0.6615404697346937,0.989,0.9873307576015812,0.9906692423984188
